id,city,state_id,street,street2,zip
__export__.res_partner_110968,PUEBLA,Puebla,CARRETERA FEDERAL PUEBLA-ATLIXCO 4703,"EMILIANO ZAPATA, SAN ANDRES CHOLULA",72490
__export__.res_partner_110969,VILLAHERMOSA,Tabasco,CARRETERA .VILLAHERMOSA CARDENAS KM 156 RANCHERIA GONZALEZ 1A SEC,VILLAHERMOSA,86280
__export__.res_partner_115455,MONTERREY,Nuevo León,CARRETERA MONTERREY COLOMBIA 330 66083 2541_EX HACIENDA EL CANADA 2541_EX HACIENDA EL CANADA MEXICO,MONTERREY,66083
__export__.res_partner_113324,SAN PEDRO CHOLULA,Puebla,5 SUR 511 SAN JUAN TLAUTLA,SAN JUAN TLAUTLA,72750
__export__.res_partner_113396,CORONANGO,Puebla,CAMINO ANTIGUO A TLAXCALA NO 525,SAN FRANCISCO,72680
__export__.res_partner_111903,SALTILLO,Coahuila,BOULEVARD MIGUEL RAMOS ARIZPE 157-2 MOLINOS DEL REY,SALTILLO,25903
__export__.res_partner_136658,TEPOTZOTLÁN,México,CERRADA CONOCIDA SAN SEBASTIAN,SAN SEBASTIÁN,54786
__export__.res_partner_112454,TOLUCA DE LERDO,México,JUAN FERNANDEZ ALBARRAN 252 BARRIO DE CANALEJA,CANALEJA,50200
__export__.res_partner_112284,CUAUTITLÁN IZCALLI,México,KM 39.5 DEL PARQUE INDUSTRIAL XHALA,XHALA,54720
__export__.res_partner_111372,TLAQUEPAQUE,Jalisco,CARRETERA LIBRE A ZAPOTLANEJO 1424 SAN PEDRITO,SAN PEDRITO	,45625
__export__.res_partner_137204,CUERNAVACA,Morelos,CALLE PERICÓN 107,MIRAVAL,62280
__export__.res_partner_137203,TEPOZTLÁN,Morelos,CARRETERA TEPOZTLAN-CUERNAVACA S/N,SAN MIGUEL,62520
__export__.res_partner_106475,BELIZE CITY,,"MILE 3-1/2, PHILIP GOLDSON HWY",BELIZE CITY,19240
__export__.res_partner_106452,FRANCISCO MORA,,BARRIO LA PADRERA,"CALLE BOULEVARD ECO, DISTRITO CENTRAL",11101
__export__.res_partner_93969,PORT-AU-PRINCE,,BLVD JEAN JACQUEST DESSALINES 400,  ,00000
__export__.res_partner_93974,SALVADOR,,KM 9 1/2 CARRETERA AL PUERTO DE SANTA TECLA,LA LIBERTAD,00000
__export__.res_partner_96518,SANTIAGO TIANGUISTENCO,México,AVENIDA DEL CONVENTO 111,TIANGUISTENCO DE GALEANA,52600
__export__.res_partner_111439,ZAPOPAN,Jalisco,ANILLO PERIFERICO NORTE 10176 Y 10240,GUADALUPE,45047
__export__.res_partner_114989,SANTIAGO TIANGUISTENCO,México,AVENIDA DEL CONVENTO 111,TIANGUISTENCO DE GALEANA,52600
__export__.res_partner_96519,TLAQUEPAQUE,Jalisco,PERIFERICO SUR 6360,LOMAS DEL CUATRO,45527
__export__.res_partner_96520,LEON,Guanajuato,BOULEVARD AEROPUERTO 2703,LOCALIDAD LOS SAUCES,37680
__export__.res_partner_110923,SAN LUIS POTOSI,San Luis Potosí,EJE 122 200,ZONA INDUSTRIAL,78090
__export__.res_partner_112245,SAN PEDRO CHOLULA,Puebla,BOULEVARD CHOLULA HUEJOTZINGO 107,SAN JUAN TLAUTLA,72750
__export__.res_partner_115326,ZAPOPAN,Jalisco,AVENIDA INGLATERRA 9105,SAN JUAN DE OCOTAN,45019
__export__.res_partner_117998,AGUASCALIENTES,Aguascalientes,MUNICIPIO DE TEPEZALA 107,SAN FRANCISCO DE LOS ROMO,20358
__export__.res_partner_96517,CUAUTITLAN IZCALLI,México,CALZADA MIGUEL HIDALGO 32,PLAN DE GUADALUPE,54760
__export__.res_partner_119086,CHIHUAHUA,Chihuahua,AVENIDA CRISTOBAL COLON 11500,PASES DE CHIHUAHUA,31136
__export__.res_partner_110914,TOLUCA DE LERDO,México,"CARRETERA TOLUCA – ATLACOMULCO KM 15.5,","SAN CAYETANO MORELOS """,50295
__export__.res_partner_88744,MORELIA,Michoacán,CALZADA LA HUERTA 747-A,MORELOS,58030
__export__.res_partner_88745,TARIMBARO,Michoacán,CAMINO ERANDENI 333,ERANDENI,58880
__export__.res_partner_88746,MORELIA,Michoacán,JUAN JOSE MORENO ESQ. BLAS ABADANO 230,INDEPENDENCIA,58210
__export__.res_partner_103029,TIJUANA,Baja California,ANDADOR REY 20051 NAVE E PLATAFORMA 8,PARQUE INDUSTRIAL EL GIRASOL 1,22215
__export__.res_partner_109909,CIUDAD DE MEXICO,Ciudad de México,INSURGENTES NTE. (PARADERO METROBUS INSURGENTES),JUNTO A INDIOS VERDES,07010
__export__.res_partner_109670,CIUDAD DE MEXICO,Ciudad de México,PERIFERICO CANAL DE GARAY ESQ. CALLE 22 MZ 71 LT18,JOSE LOPEZ PORTILLO (PARADERO SETRAVI) IZTAPALAPA,09920
__export__.res_partner_106615,ZEMPOALA,Hidalgo,CAMINO A TELLEZ KM1 S/N,LOCALIDAD JAGUEY DE TELLEZ,43840
__export__.res_partner_107073,JALISCO,Jalisco,CIRCUITO GRIJALVA NO-125,CONDOMINIO INDUSTRIAL SIGLO 21 TLAJOMULCO DE ZUNIGA,45640
__export__.res_partner_107348,INDIOS VERDES,Ciudad de México,"INSURGENTES NTE. (PARADERO METROBUS INSURGENTES),",JUNTO A INDIOS VERDES CDMX,07010
__export__.res_partner_107352,CIUDAD DE MEXICO,Ciudad de México,AVIACION MILITAR 33,"PUERTO AEREO,DEL. VENUSTIANO CARRANZA",15710
__export__.res_partner_110415,VENUSTIANO CARRANZA,Ciudad de México,AVIACION MILITAR 33,PUERTO AEREO,15710
__export__.res_partner_106444,ZEMPOALA,Hidalgo,BLVD. PASEO DE LOS VINEDOS,ZEMPOALA,43845
__export__.res_partner_107089,ZAPOPAN,Jalisco,"AVENIDA JUAN GIL PRECIADO 6735 (ANTIGUA CARRETERA A TESISTAN),",NUEVO MEXICO,45150
__export__.res_partner_111784,ZAPOPAN,Jalisco,CAMINO VIEJO A TESTIAN NO 6260,ZAPOPAN,45138
__export__.res_partner_89953,QUERETARO,Querétaro,ACCESO V 110-A NAVE 5,DESARROLLO MONTANA 2000 SECCION III,76150
__export__.res_partner_117596,CD APODACA,Nuevo León,CARR MIGUEL ALEMAN KM 15 PUNTO 5,APODACA,66600
__export__.res_partner_104573,TORREON,Coahuila,BOULEVARD PERIFERICO RAUL LOPEZ SANCHEZ,FRACCIONAMIENTO EL ROBLE I,27110
__export__.res_partner_89954,DELICIAS,Chihuahua,AVENIDA 6-A ORIENTE 301,CIUDAD DELICIAS CENTRO,33000
__export__.res_partner_136665,SANTA ROSALÍA DE CAMARGO,Chihuahua,MEXICO 45,CENTRO,33700
__export__.res_partner_89955,JOSE MARIANO JIMENEZ,Chihuahua,AVENIDA JUAREZ 317,JOSE MARIANO JIMENEZ CENTRO,33980
__export__.res_partner_109086,NAVOLATO,Sinaloa,CARRETERA NAVOLATO-CULIACAN ORIENTE 1185,SAN PEDRO DE ROSALES,80376
__export__.res_partner_89956,MEXICALI,Baja California,CARRETERA A ISTAS AGRARIAS AEROPUERTO S/N,POLVORA,21620
__export__.res_partner_110536,VICTORIA DE DURANGO,Durango,AVENIDA 20 DE NOVIEMBRE 200 NUEVA VIZCAYA,NUEVA VIZCAYA,34080
__export__.res_partner_89957,DURANGO,Durango,AVENIDA 20 DE NOVIEMBRE 2001 ORIENTE,NUEVA VIZCAYA,34080
__export__.res_partner_115692,CD RIO BRAVO,Tamaulipas,CALLE AVENIDA FRANCISCO I MADERO PONIENTE NO 801,DEL VALLE,88980
__export__.res_partner_116041,MONTEMORELOS,Nuevo León,AVENIDA CAPITAN ALONSO DE LEON NO 1010,EL DESAGUE,67500
__export__.res_partner_89959,CD CUAUHTEMOC,Chihuahua,KM 5 SOBRE CARRETERA A RUBIO,CORREDOR COMERCIAL,31604
__export__.res_partner_89960,HIDALGO DEL PARRAL,Chihuahua,AVENIDA TECNOLOGICO 32-A,RESIDENCIAL TECNOLOGICO,33850
__export__.res_partner_89961,VALLEHERMOSO,Tamaulipas,AVENIDA JOSE VASCONCELOS 1200 PTE,JESUS CASTILLO MARROQUIN,87500
__export__.res_partner_110537,FRESNILLO,Zacatecas,PASEO DEL MINERAL SUR 1002 PETROLEOS,PETROLEOS MEXICANOS,99099
__export__.res_partner_89962,FRESNILLO,Zacatecas,PASEO DEL MINERAL SUR 1002,PETROLEOS,99059
__export__.res_partner_89963,NAVA,Coahuila,CARRETERA 57 KM 10 1120-B,VENUSTIANO CARRANZA,26170
__export__.res_partner_104716,CULIACAN ROSALES,Sinaloa,CARRETERA NAVOLATO KM 10.6,NUEVO BACHIGUALATO,80135
__export__.res_partner_89964,QUERETARO,Querétaro,AVENIDA DE LAS FUENTES 60 Y 62,P. IND. B. QUINTANA,76240
__export__.res_partner_136480,SAN FERNANDO,Tamaulipas,CARRETERA CD VICTORIA - MATAMOROS KM 173 S/N,SAN FERNANDO,87600
__export__.res_partner_111985,MATAMOROS,Tamaulipas,CARRETERA CIUDAD VICTORIA KM. 7.5 S/N EJIDO LA LUZ,LA LUZ,87560
__export__.res_partner_117720,CD GUSTAVO DIAZ ORDAZ,Tamaulipas,CARRETERA RIBERENA S/N,ZONA INDUSTRIAL,88400
__export__.res_partner_117693,CD GUSTAVO DIAZ ORDAZ,Tamaulipas,CARRETERA RIBEREŅA S/N,ZONA INDUSTRIAL,88400
__export__.res_partner_89965,LA BARCA,Jalisco,CARRETERA LA BARCA-JAMAY KM 1.5,NA,47910
__export__.res_partner_89966,VERACRUZ,Veracruz,CARRETERA FEDERAL 140,LAS AMAPOLAS,91697
__export__.res_partner_89967,MERIDA,Yucatán,C. 21 416 ENTRE 22 Y 22-A,CD. INDUSTRIAL,97288
__export__.res_partner_89968,FRONTERA,Coahuila,CARRETERA 30 KM. 7.5 1601,INDUSTRIAL AEROPUERTO,25618
__export__.res_partner_115479,MERIDA,Yucatán,CALLE 21 NO 416,CIUDAD INDUSTRIAL,97288
__export__.res_partner_89969,TIHUATLAN,Veracruz,CALLE NAUTLA 288 CARRETERA MEXICO-TUXPAN,PLAN DE AYALA,92900
__export__.res_partner_115600,PACHUCA DE SOTO,Hidalgo,CARRETERA MEXICO PACHUCA KM 86.5,MATILDE,42111
__export__.res_partner_89970,ARANDAS,Jalisco,CARRETERA ARANDAS-TEPATITLAN KM 7.5,ARANDAS CENTRO,47180
__export__.res_partner_89971,SAN FRANCISCO DE CAMPECHE,Campeche,AVENIDA HEROES DE NACOZARI 258,SECTOR LAS FLORES,24097
__export__.res_partner_108359,SAN FRANCISCO DE CAMPECHE,Campeche,AVENIDA HEROES DE NACOZARI 258 SECTOR LAS FLORES,LAS ROSAS,24097
__export__.res_partner_89972,VERACRUZ,Veracruz,CARR FED 140 VERACRUZ-JALAPA 7094,LAS AMAPOLAS,91917
__export__.res_partner_89973,VILLAHERMOSA,Tabasco,CARRETERA VILLA HERMOSA-CARDENAS KM. 8+100,CENTRO,86280
__export__.res_partner_89974,VERACRUZ,Veracruz,CARRETERA FEDERAL 140 VERACRUZ-JALAPA,LAS AMAPOLAS,91697
__export__.res_partner_89975,URUAPAN,Michoacán,CALZADA BENITO JUAREZ 3551,LA COFRADIA,60221
__export__.res_partner_89976,EMILIANO ZAPATA,Tabasco,CARRETERA EMILIANO ZAPATA - VILLAHERMOSA KM 6.5,TIERRA Y LIBERTAD,86992
__export__.res_partner_112429,CD GUZMAN,Jalisco,AVENIDA COLON 760,CENTRO,49000
__export__.res_partner_89977,ZAMORA,Michoacán,CARRETERA ZAMORA-LA PIEDAD KM 1-100,LA RINCONADA,59720
__export__.res_partner_89978,TECOMAN,Colima,AVENIDA LIC. ANTONIO LEANO ALVAREZ DEL CASTILLO 671,PONCIANI,28160
__export__.res_partner_89979,COLIMA,Colima,CARLOS DE LA MADRID BEJAR 880-A,EL TECOLOTE,28090
__export__.res_partner_117597,DURANGO,Durango,CARR LIBRAMIENTO TORREON ZACATECAS NO113 ENTRE BLV FRANCISCO VILLA Y CARR DURANGO MEXICO,DURANGO,34390
__export__.res_partner_108312,NUEVO CASAS GRANDES,Chihuahua,AVENIDA BENITO JUAREZ 2805 INT A,CENTRO,31700
__export__.res_partner_89980,CD JUAREZ,Chihuahua,BOULEVARD OSCAR FLORES 8919,PARQUE INDUSTRIAL AEROPUERTO JUAREZ,32685
__export__.res_partner_89981,LA BARCA,Jalisco,CARRETERA LA BARCA - GUADALAJARA KM.1.5,HUERTA DE LAS FLORES,47910
__export__.res_partner_89982,MORELIA,Michoacán,MORELOS NORTE 3449,LA SOLEDAD,58118
__export__.res_partner_89983,URUAPAN,Michoacán,CALZADA BENITO JUAREZ 3551,LA COFRADIA,60221
__export__.res_partner_111983,ARANDAS,Jalisco,CARRETERA ARANDAS - TEPATITLAN KM 7.5 S/N,CENTRO,47180
__export__.res_partner_111984,TEPATITLAN DE MORELOS,Jalisco,ANILLO PERIFERICO SUR SR. CURA SALVADOR ZUNIGA 2515,LAS AGUILILLAS,47698
__export__.res_partner_103240,PENJAMO,Guanajuato,CARRETERA FEDERAL 90 KM 81.50,SANTA ANA PACUECO,36910
__export__.res_partner_104584,ZAMORA,Michoacán,CARRETERA ZAMORA-LA PIEDAD KM 1-100,LA RINCONADA,59720
__export__.res_partner_111981,SAN FRANCISCO DE LOS ROMO,Aguascalientes,CARRETERA AGUASCALIENTES-ZACATEZAS KM.2.1 S/N,EL COYONOXTLE,20305
__export__.res_partner_115770,TAMPICO,Tamaulipas,CARRETERA TAMPICO MANTE NO 2005,DEL BOSQUE,89318
__export__.res_partner_109299,SAN LUIS POTOSI,San Luis Potosí,CARRETERA 57 4196 ZONA INDUSTRIAL,ZONA INDUSTRIAL,78395
__export__.res_partner_104576,CD VALLES,San Luis Potosí,CARRETERA VALLES-RIO VERDE 511,TETUAN,79090
__export__.res_partner_99558,VERACRUZ,Veracruz,CARRETERA FED. 140 VERACRUZ-JALAPA 7049,LAS AMAPOLAS,91697
__export__.res_partner_110586,SAN JUAN BAUTISTA TUXTEPEC,Oaxaca,CARRETERA FEDERAL TUXTEPEC-CD. ALEMAN KM. 03 SN,VICTOR BRAVO AHUJA,68376
__export__.res_partner_111982,CD VICTORIA,Tamaulipas,JOSE SULAIMAN CHAGNON SN COL BENITO JUAREZ,BENITO JUAREZ,87090
__export__.res_partner_115067,NAVA,Coahuila,CARRETERA 57 KM 10 NUM 1120 B,VENUSTIANO CARRANZA,26170
__export__.res_partner_136668,APATZINGAN,Michoacán,CARRETERA KILOMETRO 1 PUNTO 5 CALLE 4 CAMINOS,ZONA INDUSTRIAL,60695
__export__.res_partner_89984,ATLACOMULCO,México,CARRETERA ATLACOMULCO- SN FELIPE DEL PROGRESO KM. 1.5,PARQUE INDUSTRIAL,50060
__export__.res_partner_109267,TOLUCA DE LERDO,México,AVENIDA ALFREDO DEL MAZO 800,LA MAGDALENA,50010
__export__.res_partner_89985,ATLACOMULCO,México,ISIDRO FABELA 29-D FRENTE A TERMINAL DE AUTOBUSES,CENTRO,50450
__export__.res_partner_108436,TOLUCA DE LERDO,México,ISIDRO FABELA NORTE 705,DOCTORES,50060
__export__.res_partner_89986,JILOTEPEC,México,AVENIDA VICENTE GUERRERO 154,EL DENI,54253
__export__.res_partner_89987,TOLUCA DE LERDO,México,ALFREDO DEL MAZO 800,LA MAGDALENA,50010
__export__.res_partner_89989,PENJAMO,Guanajuato,PROLONGACION NINOS HEROES S/N,CENTRO,36900
__export__.res_partner_109268,PENJAMO,Guanajuato,"CARRETERA ESTATAL LIBRE PENJAMO-LA ESTACION KM 1.5 S/N,",TORRES CUATAS,36900
__export__.res_partner_89990,GUADALAJARA,Jalisco,DR. ROBERTO MICHEL 272-274,SAN CARLOS,44460
__export__.res_partner_89991,LA BARCA,Jalisco,RUIZ CORTINEZ 33,SANTA MONICA,47910
__export__.res_partner_89992,COTIJA DE LA PAZ,Michoacán,MADERO 654 B,LOS CORRALES,59940
__export__.res_partner_89993,VENUSTIANO CARRANZA,Michoacán,AVENIDA LAZARO CARDENAS 201,CENTRO,59160
__export__.res_partner_89994,TLACOTEPEC,Puebla,KM. 77+800 CARRETERA FEDERAL PUEBLA-TEHUACAN,TECALTZINGO,75680
__export__.res_partner_89995,PEDRO ESCOBEDO,Querétaro,AVENIDA PANAMERICANA 72 BIS,CENTRO,76700
__export__.res_partner_89996,DELICIAS,Chihuahua,AVENIDA 7A. NORTE 515,CENTRO,33000
__export__.res_partner_89997,TOLUCA DE LERDO,México,AVENIDA SOLIDARIDAD LAS TORRES 414,STA. MA. DE LAS ROSAS,50140
__export__.res_partner_89998,EZEQUIEL MONTES,Querétaro,H. COLEGIO MILITAR 127,CENTRO,76650
__export__.res_partner_117600,EZEQUIEL MONTES,Querétaro,H COLEGIO MILITAR 127,CENTRO,76650
__export__.res_partner_89999,PUEBLA,Puebla,9 NORTE 208,LA LIBERTAD,72130
__export__.res_partner_90000,SOLEDAD DE GRACIANO SANCHEZ,San Luis Potosí,CARRETERA RIO VERDE 320,FRACCIONAMIENTO BUGAMBILIAS,78436
__export__.res_partner_90001,SAN JUAN DEL RIO,Querétaro,AVENIDA JUAREZ ORIENTE 145,CENTRO,76800
__export__.res_partner_90002,ACAMBARO,Guanajuato,BOULEVARD EMILIO CARRANZA S/N FRENTE A GASOLINERA MAQUINITA,EMILIO CARRANZA,38680
__export__.res_partner_90003,HEROICA CARDENAS,Tabasco,PERIFERICO CARLOS MOLINA ESQ. OLIVO S/N,"LOS REYES LOMA ALTA,",86570
__export__.res_partner_90004,CARLOS A. CARRILLO,Veracruz,CARRETERA FEDERAL KM 72,FRACCIONAMIENTO MONTE ALTO,95430
__export__.res_partner_90005,EMILIANO ZAPATA,Tabasco,AVENIDA REVOLUCION 70 ENTRE PIZARRA Y CITRANA,EL PIEDRAL,86996
__export__.res_partner_109302,EMILIANO ZAPATA,Tabasco,CALLE AVENIDA REVOLUCION N70,EL PIEDRAL,86981
__export__.res_partner_113456,AGUASCALIENTES,Aguascalientes,PETROLEOS MEXICANOS 716-B,INDUSTRIAL,20030
__export__.res_partner_112317,AGUASCALIENTES,Aguascalientes,DR ALBERTO VALLE 926,MIRAVALLE,20040
__export__.res_partner_90006,CELAYA,Guanajuato,BOULEVARD A. LOPEZ MATEOS 607 PTE.,CENTRO,38040
__export__.res_partner_107954,CELAYA,Guanajuato,CALLE QUINTANA ROO 343 INTERIOR B,CENTRO,38000
__export__.res_partner_109307,CELAYA,Guanajuato,CALLE ANDRES QUINTANA ROO ESQUINA CON LEANDRO VALLE LOCAL 437B,CENTRO,38000
__export__.res_partner_117598,CELAYA,Guanajuato,FRANCISCO JAVIER MINA NO 11,CENTRO,38000
__export__.res_partner_117599,CELAYA,Guanajuato,FRANCISCO JAVIER MINA NO 11,CENTRO,38000
__export__.res_partner_90007,VILLAHERMOSA,Tabasco,VILLAHERMOSA-REFORMA ANDADOR 5 120,18 DE MARZO,86140
__export__.res_partner_90008,VILLAHERMOSA,Tabasco,CARRETERA VHSA-REFORMA ANDADOR 5 120,18 DE MARZO,86140
__export__.res_partner_90009,IZUCAR DE MATAMOROS,Puebla,INDEPENDENCIA 58,CENTRO,74400
__export__.res_partner_90010,TECOMAN,Colima,AVENIDA LIC. ANTONIO LEANO A. DEL C. 570,CENTRO,28100
__export__.res_partner_90011,ATLIXCO,Puebla,CALZADA OAXACA 2502-B,FRANCISCO I MADERO,74290
__export__.res_partner_104570,GUADALUPE VICTORIA,Durango,JOSE RAMON VALDEZ 901 OTE.,CENTRO,34700
__export__.res_partner_90012,CD OBREGON,Sonora,SINALOA 1599 SUR/MENDIVIL-ROBLES,MUNICIPIO LIBRE,85080
__export__.res_partner_119230,APAN,Hidalgo,CALLE 16 DE SEPTIEMBRE 36,OL SAN RAFAEL,43909
__export__.res_partner_109583,EL MARQUES,Querétaro,AUT. MEXICO-QRO. KM 188 S/N,CALAMANDA,76247
__export__.res_partner_90013,PUEBLA,Puebla,TEZIUTLAN SUR 10,LA PAZ,72160
__export__.res_partner_90014,LA PIEDAD,Michoacán,NICOLAS REGULES 70,MEXICO,59340
__export__.res_partner_90015,LOS REYES ACAQUILPAN,México,BENITO JUAREZ ESQ. CORREGIDORA S/N,TECAMACHALCO,56400
__export__.res_partner_90016,NAVOJOA,Sonora,CARRETERA NAVOJOA-HUATABAMPO KM. 3,CENTRO,85800
__export__.res_partner_136595,NAVOJOA,Sonora,BULEVARD RAFAEL J ALDAMA,NAVOJOA,85864
__export__.res_partner_90017,HUATABAMPO,Sonora,16 DE SEPTIEMBRE 58,LA JOYA,85800
__export__.res_partner_90018,CENTRO DE BENITO JUAREZ,Nuevo León,JULIO CISNEROS 502,GARZA Y GARZA,67250
__export__.res_partner_135879,MONTERREY,Nuevo León,CALLE JULIO CISNEROS 502,GARZA Y GARZA,67267
__export__.res_partner_90019,IXTAPAN DE LA SAL,México,ALLENDE SUR 35,SANTA CATARINA,51900
__export__.res_partner_90020,GUADALAJARA,Jalisco,ESTADIO 89,LAS CONCHAS,44460
__export__.res_partner_90021,SAN FRANCISCO DE CAMPECHE,Campeche,AVENIDA HEROES DE NACOZARI 258,SECTOR LAS FLORES,24097
__export__.res_partner_108925,SAN PEDRO GARZA GARCIA,Nuevo León,BOULEVARD DIAZ ORDAZ 500,LA LEONA,66210
__export__.res_partner_90022,PUEBLA,Puebla,CALLE HOMBRES ILUSTRES 49,IGNACIO ROMERO VARGAS,72120
__export__.res_partner_115678,PUEBLA,Puebla,CARRETERA PASO DE CORTES 1211 LOCAL C,SAN BUENAVENTURA NEALTICAN,74300
__export__.res_partner_109292,DOLORES HIDALGO CUNA DE LA INDEPENDENCIA NACIONAL,Guanajuato,CARRETERA DOLORES HGO. A SAN LUIS PAZ KM 6.8 S/N,CERRITO DE GUADALUPE,37800
__export__.res_partner_111925,TARIMBARO,Michoacán,CARRETERA MORELIA-SALAMANCA KM 11 11464 SAN JOSE DE LA TRINIDAD,MIGUEL HIDALGO,58891
__export__.res_partner_90023,SAN SALVADOR ATENCO,México,CARRETERA LECHERIA-LOS REYES KM. 26,SAN SALVADOR ATENCO,56300
__export__.res_partner_90024,CAMPECHE,Campeche,CALLE VERACRUZ 109-A,SANTA ANA,24050
__export__.res_partner_90025,ZACAPU,Michoacán,DR. MIGUEL SILVA 603,ANAHUAC,58639
__export__.res_partner_90026,POZA RICA DE HIDALGO,Veracruz,AVENIDAJUAREZ 402,27 DE SEPTIEMBRE,93320
__export__.res_partner_106735,LIBRES,Puebla,MANUEL AVILA CAMACHO 1343,CENTRO,73780
__export__.res_partner_90027,CD GUZMAN,Jalisco,MEDELLIN 264,CENTRO,49000
__export__.res_partner_90028,TECAMACHALCO,Puebla,AVENIDA BENITO JUAREZ 710,CENTRO,75480
__export__.res_partner_90029,CD VALLES,San Luis Potosí,BOULEVARD LAZARO CARDENAS 813 L.1,MOCTEZUMA,79040
__export__.res_partner_90030,TORREON,Coahuila,AVENIDA MATAMOROS 2079 ORIENTE,CENTRO,27000
__export__.res_partner_90031,PUEBLA,Puebla,INDEPENDENCIA 62,NACIONALES UNIDAS,72210
__export__.res_partner_90032,PUEBLA,Puebla,CALLE 76 ORIENTE 62,NACIONES UNIDAS,72210
__export__.res_partner_90033,MONCLOVA,Coahuila,ALDAMA 112,EL PUEBLO,25730
__export__.res_partner_90034,JEREZ,Zacatecas,CALZADA SUAVE PATRIA S/N.,LAGUNITA,99340
__export__.res_partner_90035,SAN FRANCISCO DE CAMPECHE,Campeche,AVENIDA GOBERNADORES 452 ENTRE 45 Y PRIV. SOL,SANTA ANA,24050
__export__.res_partner_90036,ATLACOMULCO,México,AVENIDA INDEPENDENCIA S/N,TECOAC,50474
__export__.res_partner_105793,ATLACOMULCO,México,"AVENIDA ALFREDO DEL MAZO PTE 314,",CENTRO,50450
__export__.res_partner_90037,VERACRUZ,Veracruz,VERACRUZ 7049,LAS AMAPOLAS,91697
__export__.res_partner_90038,TEOCALTICHE,Jalisco,PRIVADA VICTOR ORDORICA 74-A,EL PUENTE,47200
__export__.res_partner_90039,FRESNILLO,Zacatecas,HONDURAS 11,LAS AMERICAS,99030
__export__.res_partner_90040,SN JOSE DEL PROGRESO,Oaxaca,CRUCERO LA CONSENTIDA S/N. SAN JOSE DEL PROGRESO,BENITO JUAREZ,60221
__export__.res_partner_90041,JESUS MARIA,Aguascalientes,J. ORTIZ DE DOMINGUEZ 5,LA FLORIDA,20919
__export__.res_partner_137183,SOLEDAD DE GRACIANO SÁNCHEZ,San Luis Potosí,LERDO DE TEJADA 723,SOLEDAD DE GRACIANO SANCHEZ,78430
__export__.res_partner_90042,SAN LUIS POTOSI,San Luis Potosí,AVENIDA DE LAS TORRES 265,EL PASEO,78320
__export__.res_partner_90043,CUAUTLA,Morelos,AVENIDA 2 SUR 5,PLAN DE AYALA,62743
__export__.res_partner_90044,TUXPAM DE RODRIGUEZ CANO,Veracruz,AVENIDA DE LAS AMERICAS 49 LOCAL A,ANAHUAC,92830
__export__.res_partner_135866,TIZAYUCA,Hidalgo,CARRETERA MEXICO - PACHUCA LOTE 10A MANZANA A,CENTRO,43800
__export__.res_partner_90045,TIZAYUCA,Hidalgo,CARRETERA MEXICO-PACHUCA L-10A,TIZAYUCA,43800
__export__.res_partner_119174,NUEVO IDEAL,Durango,CALLE SIN NOMBRE SIN NUM,NUEVA INSTALACION,34425
__export__.res_partner_90046,NUEVO IDEAL,Durango,COL. NUEVA INSTALACION 3 APART. 7,NUEVA INSTALACION.,34420
__export__.res_partner_90047,HIDALGO DEL PARRAL,Chihuahua,OCAMPO 28 ESQ. CON CHIHUAHUA,CENTRO,33800
__export__.res_partner_90048,PACHUCA DE SOTO,Hidalgo,BOULEVARD MINERO 1400,VILLA AQUILES SERDAN,42039
__export__.res_partner_136629,PACHUCA DE SOTO,Hidalgo,BOULEVARD MINERO 1704,SAN BARTOLO,42039
__export__.res_partner_90049,MARAVATIO,Michoacán,PROL. MELCHOR OCAMPO 561,CENTRO,61250
__export__.res_partner_90050,CHIGNAHUAPAN,Puebla,CARRETERA CHIGNAHUAPAN-TLAXCO KM 1.5,CHIGNAHUAPAN,73300
__export__.res_partner_109293,CALPULALPAN,Tlaxcala,CARRETERA MEXICO VERACRUZ LOCAL 31 LA CANADA,HERRADURA,90204
__export__.res_partner_117718,TLAXCO,Tlaxcala,FRANCISCO I MADERO NO 224,SAN JUAN,90250
__export__.res_partner_117691,TLAXCO,Tlaxcala,FRANCISCO I MADERO NO 224,SAN JUAN,90250
__export__.res_partner_90051,CALPULALPAN,Tlaxcala,CARRETERA MEXICO-VERACRUZ LOCAL 31,LA CANADA,90202
__export__.res_partner_90052,SILAO,Guanajuato,CARRETERA SILAO-ROMITA KM. 3,CENTRO,36100
__export__.res_partner_90053,APATZINGAN DE LA CONSTITUCION,Michoacán,AVENIDA CORREGIDORA 868,MIGUEL HIDALGO,60670
__export__.res_partner_108335,APATZINGAN DE LA CONSTITUCION,Michoacán,AVENIDA CORREGIDORA 868 A,MIGUEL HIDALGO,60670
__export__.res_partner_90054,TAMPICO,Tamaulipas,ALTAMIRA 905-A ORIENTE,CENTRO,89000
__export__.res_partner_90055,AGUASCALIENTES,Aguascalientes,AGLAYA 103,LAS HADAS,20140
__export__.res_partner_90056,TULA DE ALLENDE,Hidalgo,AVENIDA REFORMA 67,SANTA ANA AHUEHUEPAN.,42825
__export__.res_partner_105606,GUAMUCHIL,Sinaloa,BOULEVARD JOSE MARIA MORELOS 765,EMILIANO ZAPATA,81448
__export__.res_partner_90057,CD CUAUHTEMOC,Chihuahua,CALLE PRINCIPAL 102 AP-357,CAMPO 6 1/2,31608
__export__.res_partner_90058,URUAPAN,Michoacán,AVENIDA BENITO JUAREZ 107 C,MORELOS,60050
__export__.res_partner_107500,URUAPAN,Michoacán,AVENIDA BENITO JUAREZ 107,MORELOS,60050
__export__.res_partner_108243,TUXTPEC,Oaxaca,CARRETERA FEDERAL TUXTEPEC -CD ALEMAN KM 03 S/N,VICTOR BRAVO AHUJA TUXTEPEC,68376
__export__.res_partner_90059,TACAMBARO,Michoacán,DOMICILIO CONOCIDO S/N,LA PIEDRA DEL MOLINO,61657
__export__.res_partner_104569,HUAJUAPAN DE LEON,Oaxaca,2 DE ABRIL 43,LA MERCED,69006
__export__.res_partner_90060,ROMITA,Guanajuato,CARRETERA ROMITA TEJAMANIL 8,CENTRO,36200
__export__.res_partner_109923,TUXPAN,Nayarit,INDEPENDENCIA 1013,BARRIO BEIS,63200
__export__.res_partner_90061,FRESNILLO,Zacatecas,AVENIDA ENRIQUE ESTRADA 716,LAS AMERICAS,99030
__export__.res_partner_90062,SAN JUAN BAUTISTA TUXTEPEC,Oaxaca,AVENIDA 2 DE SEPTIEMBRE LOTE 131,VICTOR BRAVO AHUJA,68376
__export__.res_partner_115420,LOMA BONITA,Oaxaca,16 DE SEPTIEMBRE NUMERO 1,ENTRE CARRETERA FEDERAL Y AV BUGAMBILIAS,64800
__export__.res_partner_90063,TIERRA BLANCA,Veracruz,AVENIDA LERDO ESQ. VICENTE GUERRERO S/N,LOMAS DEL JAZMIN,95150
__export__.res_partner_111088,ANGAMACUTIRO,Michoacán,KM. 36 CARRETERA ZINAPARO-PURUANDIRO S/N,SEGUNDA DE MORELOS,58550
__export__.res_partner_90064,DURANGO,Durango,BOULEVARD DE LA JUVENTUD 1006 D,VEINTE DE NOVIEMBRE AMPLIACION,34236
__export__.res_partner_90065,CD APODACA,Nuevo León,AUTOPISTA AL AEROPUERTO 108,BOSQUES DE SAN MIGUEL 2ND SECTOR,66647
__export__.res_partner_90066,CD APODACA,Nuevo León,AUTOPISTA AL AEROPUERTO 108,BOSQUES DE SAN MIGUEL 2ND SECTOR,66647
__export__.res_partner_90067,COMITAN DE DOMINGUEZ,Chiapas,10A SUR PONIENTE 27A,LA PILETA,30029
__export__.res_partner_115849,COMITAN DE DOMINGUEZ,Chiapas,AVENIDA 1 A PONIENTE SUR NO 51,CENTRO,30000
__export__.res_partner_90068,ALAMO TEMAPACHE,Veracruz,PROLONGACION INDEPENDENCIA 1422 S/N,EJIDO DE LA UNION,92730
__export__.res_partner_90069,HUAMANTLA,Tlaxcala,MORELOS PONIENTE 535,CENTRO,90500
__export__.res_partner_90070,DURANGO,Durango,CARRETERA GOMEZ PALACIO KM 10 S/N,5 DE MAYO,34304
__export__.res_partner_90071,NUEVO IDEAL,Durango,CARRETERA FRANCISCO ZARCO KM.69 S/N,FRANCISCO ZARCO,34420
__export__.res_partner_90072,SN MARTIN TEXMELUCAN,Puebla,CARRETERA FED. MEXICO-PUEBLA KM. 91.5,CARRILLO PUERTO,74090
__export__.res_partner_107955,LAGOS DE MORENO,Jalisco,HERNANDO DE MARTEL 23,CENTRO,47400
__export__.res_partner_135863,CD CAMARGO,Chihuahua,CARRETERA PANAMERICANA EN AVENIDA DE LAS INDUSTRIAS Y PLAN DE AGUA PRIETA 2100,ARBOL GRANDE,33739
__export__.res_partner_137351,ZACAPU,Michoacán,CALLE CLAVEL 6,LOMAS JARDÍN,58670
__export__.res_partner_90073,ZACAPU,Michoacán,CLAVEL 6,LOMAS JARDIN,58670
__export__.res_partner_109547,NEZAHUALCÓYOTL,México,CALLE BENITO JUAREZ 29,NUEVA SANTA MARTHA,57920
__export__.res_partner_104588,JALUCO,Jalisco,18 DE SEPTIEMBRE 34 B,CENTRO,48985
__export__.res_partner_90074,PUERTO ESCONDIDO,Oaxaca,CARRETERA COSTERA DEL PACIFICO KM 1,GRANJAS DEL PESCADOR,71980
__export__.res_partner_90075,PINOTEPA NACIONAL,Oaxaca,AVENIDA HEROICO COLEGIO MILITAR S/N,CENTRO,71600
__export__.res_partner_90076,TEPATITLAN DE MORELOS,Jalisco,J. JESUS REYNOSO 342,CENTRO,47600
__export__.res_partner_112448,TEPATITLAN DE MORELOS,Jalisco,CARRETERA LIBRAMIENTO 124,PEGUEROS,47715
__export__.res_partner_90077,PEGUEROS,Jalisco,LIBRAMIENTO 124,PEGUEROS,47711
__export__.res_partner_90078,VILLAFLORES,Chiapas,2A. AVENIDA NORTE ORIENTE 24,EL BAJIAL,30470
__export__.res_partner_90079,TANHUATO,Michoacán,OCAMPO S/N,FRACC SAN RAMON,59230
__export__.res_partner_106765,CD GUZMAN,Jalisco,KM.3.8 CARRETERA CD.GUZMAN-ZAPOTILTIC S/N,CENTRO,49000
__export__.res_partner_137800,GUADALAJARA,Jalisco,CALLE CONSTANCIA 62,GENERAL REAL,44400
__export__.res_partner_90080,GUADALAJARA,Jalisco,RIO TIZAPAN 1208,ATLAS,44870
__export__.res_partner_119173,GUADALAJARA,Jalisco,AVENIDA CANAS NO 3250 INT 8,LA NOGALERA,44470
__export__.res_partner_90081,LA PIEDAD,Michoacán,RIO TURBIO 78,MEXICO,59370
__export__.res_partner_90082,QUERETARO,Querétaro,QUERETARO 13,SAN ISIDRO,76240
__export__.res_partner_136594,QUERETARO,Querétaro,QUERETARO 722,SAN ISIDRO,76240
__export__.res_partner_90083,SALTILLO,Coahuila,AVENIDA CENTRAL 1940-1,VISTA HERMOSA,25280
__export__.res_partner_102296,SALTILLO,Coahuila,AVENIDA CENTRAL S/N ENTRE CALLE 17 Y CALLE 18,VISTA HERMOSA,25010
__export__.res_partner_90084,HUITZUCO,Guerrero,CARRETERA HUITZUCO IGUALA 310,BRISAS DEL REAL,40130
__export__.res_partner_135867,HUITZUCO,Guerrero,CARRETERA HUITZUCO - IGUALA NO 310,BRISAS DEL REAL,40130
__export__.res_partner_90085,APAN,Hidalgo,CALLE 2 DE ABRIL,INDEPENDENCIA,43909
__export__.res_partner_90086,PENJAMO,Guanajuato,AVENIDA PROLONGACION PADRE HIDALGO 1492 A,SANTA ANA PACUECO,36910
__export__.res_partner_115691,AHUALULCO DE MERCADO,Jalisco,PROLONGACION DEGOLLADO 347,EL COPAL,46730
__export__.res_partner_90087,CULIACAN ROSALES,Sinaloa,CALZADA AEROPUERTO 7311,BACHIGUALATO,80140
__export__.res_partner_90088,TACAMBARO,Michoacán,LIBRAMIENTO SUR 65,LA JOYA DE CUINIO,61650
__export__.res_partner_90089,GUADALUPE,Zacatecas,ALFREDO ALVAREZ MARTINEZ 30,S.N.T.A.S.,98608
__export__.res_partner_90090,MAZATEPEC,Morelos,CARRETERA A COATETELCO JUSTO SIERRA 13-A,MAZATEPEC,62630
__export__.res_partner_90091,ZAMORA,Michoacán,CHOPIN 4,HUERTAS DE SAN ANTONIO,59660
__export__.res_partner_90092,VALLE DE SANTIAGO,Guanajuato,CARRETERA VALLE PUEBLO NUEVO S/N,MOGOTES DE SAN JOSE,38420
__export__.res_partner_106714,VALLE DE SANTIAGO,Guanajuato,CARRETERA VALLE DE SANTIAGO PUEBLO NUEVO LT 142,MOGOTES DE SAN JOSE,38420
__export__.res_partner_90093,TORREON,Coahuila,RIO GUADALQUIVIR 202 NAVARRO,NAVARRO,27010
__export__.res_partner_90094,MIXQUIAHUALA DE JUAREZ,Hidalgo,VICENTE GUERRERO 5,CENTRO,42700
__export__.res_partner_109294,EBANO,San Luis Potosí,LAZARO CARDENAS 32 LOCAL 1 EL VERGEL,VERGEL,79180
__export__.res_partner_136667,EBANO,San Luis Potosí,LAZARO CARDENAS 69,MANUEL AVILA CAMACHO,79182
__export__.res_partner_90095,APASEO EL GRANDE,Guanajuato,NARCISO MENDOZA 518,CENTRO,38160
__export__.res_partner_90096,ARRIAGA,Chihuahua,BOULEVARD FRANCISCO SARABIA S/N A UN COSTADO DE COCA COLA,CENTRO,30450
__export__.res_partner_119486,SAN BUENAVENTURA,Coahuila,CARRETERA 30 401 1,EJIDO SEQUIA DE BUCARELI,25504
__export__.res_partner_90097,NOPALTEPEC,Veracruz,FERROCARRIL 35 ENTRE 20 DE NOV. Y AQUILES SERDAN,CENTRO,95420
__export__.res_partner_111227,NOPALTEPEC,Veracruz,FERROCARRIL N°35 ENTRE 20 DE NOVIEMBRE Y AQUILES SERDAN,CENTRO,95420
__export__.res_partner_116042,SAN JUAN BAUTISTA TUXTEPEC,Oaxaca,AVENIDA LIBERTAD NO 1887 ENTRE ZARAGOZA Y RIVAPALACIO,LA PIRAGUA,68310
__export__.res_partner_106791,SAN JUAN BAUTISTA TUXTEPEC,Oaxaca,AVENIDA LIBERTAD 1933 ENTRE ZARAGOZA Y RIVAPALACIOS,PIRAGUA,68310
__export__.res_partner_106878,PUEBLA,Puebla,TEZIUTLAN SUR 10,LA PAZ,72160
__export__.res_partner_90098,YAUTEPEC,Morelos,PASEO TLAHUICA 74,RANCHO NUEVO,62730
__export__.res_partner_90099,LIBRES,Puebla,MANUEL AVILA CAMACHO 1354,BARRIO DE GUADALUPE,73780
__export__.res_partner_90100,ISLA,Veracruz,GUADALUPE VICTORIA S/N,CENTRO,95640
__export__.res_partner_90101,AGUASCALIENTES,Aguascalientes,BOULEVARD NORTE 202,BUENOS AIRES,20020
__export__.res_partner_90102,LA BARCA,Jalisco,AVENIDA REVOLUCION 6,CENTRO,47910
__export__.res_partner_104587,LA BARCA,Jalisco,CALLE REVOLUCION 12,CENTRO,47910
__export__.res_partner_115999,LA BARCA,Jalisco,REVOLUCON NO 12,CENTRO,47910
__export__.res_partner_90103,GUADALUPE VICTORIA,Durango,AVENIDA H. DE CHAPULTEPEC SUR 504,CENTRO,34700
__export__.res_partner_115679,SINALOA,Sinaloa,CARRETERA LA CRUZ POTRERILLO KM 2 S/N,LA CRUZ,82704
__export__.res_partner_90104,MANUEL DOBLADO,Guanajuato,CARRETERA FEDERAL MANUEL DOBLADO A LEON KM 2.5,SAN JOSE DEL PASO,36470
__export__.res_partner_90106,CHIHUAHUA,Chihuahua,TECNOLOGICO 12102,DEPORTISTAS,31125
__export__.res_partner_104575,DELICIAS,Chihuahua,CALZADA DEL CHARRO 909,CARMEN SERDAN,33010
__export__.res_partner_90107,AHUMADA,Chihuahua,AVENIDA VICENTE GUERRERO 37,CENTRO,32800
__export__.res_partner_90108,AGUASCALIENTES,Aguascalientes,AVENIDA CONVENCION DE 1914 NORTE 2305,FRACCIONAMIENTO  INDUSTRIAL,20030
__export__.res_partner_90109,TEMASCALCINGO DE JOSE MARIA VELASCO,México,AVENIDA GUSTAVO DIAZ ORDAZ 44,POZO DE LAS PALOMAS,50445
__export__.res_partner_112180,"VALLE DE SANTIAGO,",Guanajuato,CARRETERA LIBRE ESTATAL VALLE DE SANTIAGO HUARAPO KM. 1.15,20 DE NOVIEMBRE,38400
__export__.res_partner_90110,PEDRO ESCOBEDO,Querétaro,CHIHUAHUA 10,EL CHAMIZAL,76700
__export__.res_partner_106716,PIEDRAS NEGRAS,Coahuila,OMBU 1000,ACOROS,26083
__export__.res_partner_90111,AMECA,Jalisco,AVENIDA PATRIA ORIENTE 2 D MEXICO,MEXICO,46600
__export__.res_partner_103071,LOS TIGRES,Veracruz,FRANCISCO I MADERO S/N,ENTRE CALLE FERNANDO GUTIERREZ BARRIOS Y CALLE PIPILA,95680
__export__.res_partner_110934,ISLA,Veracruz,AVENIDA 5 DE MAYO N° 49,CENTRO,95640
__export__.res_partner_106812,QUERETARO,Querétaro,"CARRETERA SAN LUIS POTOSI 22101 L2,",SANTA ROSA JAUREGUI,76220
__export__.res_partner_113448,DOLORES HIDALGO CUNA DE LA INDEPENDENCIA NACIONAL,Guanajuato,CARRETERA A JAMAICA KM 9.5 RANCHO LA PALMA,CENTRO DOLORES HIDALGO,37800
__export__.res_partner_106514,NUEVO IDEAL,Durango,CARRETERA FRANCISCO ZARCO KM 69 NUEVO IDEAL,CORREDOR INDUSTRIAL COMERCIAL Y DE SERVICIOS,34420
__export__.res_partner_109286,DURANGO,Durango,CARRETERA GOMEZ PALACIO KM 10 5 DE MAYO,5 DE MAYO,34304
__export__.res_partner_106673,NUEVA ITALIA,Michoacán,LAZARO CARDENAS SUR S/N A UN COSTADO DE LA COMISION FEDERAL DE ELECTRICIDAD,CENTRO,61760
__export__.res_partner_106928,IZUCAR DE MATAMOROS,Puebla,INDEPENDENCIA 58,CENTRO,74400
__export__.res_partner_107951,CIUDAD DE MEXICO,Ciudad de México,FLOR DE LIRIO MANZANA 53 LOTE 11 LOMAS DE SAN LORENZO,LOMAS DE SAN LORENZO,09780
__export__.res_partner_108019,ACATZINGO,Puebla,CARRETERA FEDERAL ACATZINGO-XALAPA KM 17+600,"FELIPE ANGELES, SAN ANTONIO PORTEZUELO",75176
__export__.res_partner_90112,TEQUISQUIAPAN,Querétaro,CARRETERA A EZEQUIEL MONTES 3D,ADOLFO LOPEZ MATEOS,76750
__export__.res_partner_108913,IXTAPAN DE LA SAL,México,ALLENDE 35 SANTA CATARINA,SANTA CATARINA,51900
__export__.res_partner_110594,TONALA,Chiapas,FERROCARRETERA ILERA MANZANA 6 CASA 6,TONALA,30500
__export__.res_partner_136666,CINTALAPA DE FIGUEROA,Chiapas,BOULEVARD RODULFO FIGUEROA 500A,SEGURO SOCIAL,30400
__export__.res_partner_111079,CD GUZMAN,Jalisco,AVENIDA ING. GOB. ALBERTO CARDENAS JIMENEZ 190 A,CONSTITUYENTES,49088
__export__.res_partner_111256,EL MARQUES,Querétaro,AVENIDA DE LAS FUENTES 60 Y 62,PARQUE INDUSTRIAL BERNARDO QUINTANA,76240
__export__.res_partner_135868,VILLA VICTORIA,México,AVENIDA LAZARO CARDENAS S/N,ZONA CENTRO,50960
__export__.res_partner_111905,HUEJOTZINGO,Puebla,CARRETERA FEDERAL MEXICO PUEBLA KM 91.5,HUEJOTZINGO,74160
__export__.res_partner_115680,PUEBLA,Puebla,CARRETERA FEDERAL MEXICO PUEBLA KM 91.5,SAN MARTIN TEXMELUCAN DE LABASTIDA,74090
__export__.res_partner_117578,SAN LUIS POTOSI,San Luis Potosí,CALLE AZTECA SUR NO 303,MONTECILLO,78310
__export__.res_partner_119175,MERIDA,Yucatán,CALLE 71 NO 370,EL ROBLE AGRICOLA,97295
__export__.res_partner_90113,DURANGO,Durango,BOULEVARDDE LA JUVENTUD IRIDIO 409,LUIS ECHEVERRIA,34720
__export__.res_partner_108435,DURANGO,Durango,BOULEVARD DE LA JUVENTUD 409,LUIS ECHEVERRIA ALVAREZ,34250
__export__.res_partner_90114,GUADALAJARA,Jalisco,AVENIDA CANAS 3250 INT 8,LA NOGALERA,44470
__export__.res_partner_90115,ACUITCIO DEL CANJE,Michoacán,ALDAMA 51,CENTRO,58460
__export__.res_partner_105899,JUAN C. BONILLA,Puebla,CARRETERA FED. MEXICO PUEBLA KM 96.5,SAN MATEO CUANALA,72640
__export__.res_partner_115890,TOLUCA DE LERDO,México,ISIDRO FABELA 125,EL CERRILLO VISTA HERMOSA,50200
__export__.res_partner_116016,SANTIAGO TIANGUISTENCO,México,AVENIDA DEL CONVENTO 111,PARQUE INDUSTRIAL,52600
__export__.res_partner_103216,CD VICTORIA,Tamaulipas,ENTREGAR EN CALLE CERRO DE LAS CAMPANAS 229 NTE,BENITO JUAREZ,87090
__export__.res_partner_95341,PUERTO ESCONDIDO,Oaxaca,DOMICILIO CONOCIDO CARRETERA ST. MARIA COLOTEPEC KM 2,ESMERALDA,71983
__export__.res_partner_95342,SANTIAGO DE QUERETARO,Querétaro,CARRETERA MEXICO-QUERETARO KM 196.7,EL MARQUES,76138
__export__.res_partner_95343,CORONANGO,Puebla,CAMINO A SAN FRANCISCO OCOTLAN 850-1,PARQUE INDUSTRIAL OCOTLAN,72680
__export__.res_partner_95344,VERACRUZ,Veracruz,CARRETERA VERACRUZ-XALAPA KM 12 MZ 5 LT 24,VALENTE DIAZ,91725
__export__.res_partner_95345,CIUDAD DE MEXICO,Ciudad de México,CARRETERA MEX-QUERETARO KM. 42.5,BARRIO DE TEXCACOA,54605
__export__.res_partner_89309,AGUASCALIENTES,Aguascalientes,CARRETERA PANAMERICANA SUR KM 105,ZONA CENTRO,20392
__export__.res_partner_83943,COATZACOALCOS,Veracruz,MATAMOROS 57,LAZARO CARDENAS,96400
__export__.res_partner_83947,VERACRUZ,Veracruz,ARRAYANES LOTE 20 ESQ. ENCINO,CD. INDUSTRIAL BRUNO PAGLIAI,91697
__export__.res_partner_115723,TAMPICO,Tamaulipas,ALTAMIRA 1305 ISLETA PEREZ,ISLETA PEREZ,89090
__export__.res_partner_115721,TAMPICO,Tamaulipas,ALTAMIRA 1305 ISLETA PEREZ,ISLETA PEREZ,89090
__export__.res_partner_109615,TAMPICO,Tamaulipas,HEROES DEL CANONERO NO 409 INT 9,TAMPICO CENTRO,89000
__export__.res_partner_107743,TAMPICO,Tamaulipas,FRANCISCO I. MADERO 810,CENTRO,89000
__export__.res_partner_106953,CD DEL CARMEN,Campeche,CALLE 51 5-A ENTRE CALLE 20 Y CALLE 22-A,PALLAS,24140
__export__.res_partner_83958,COMALCALCO,Tabasco,ORIENTE 1A. SECC. KM 155,NORTE 1RA. SECCION (SAN JULIAN),86650
__export__.res_partner_119051,CD DEL CARMEN,Campeche,CALLE 67 10A ENTRE CALLE 40 Y 38,PLAYA NORTE,24140
__export__.res_partner_83944,ATOTONILCO DE TULA,Hidalgo,CARRETERA JOROBAS-TULA KM. 8.5,EL LLANO,42800
__export__.res_partner_113579,MANZANILLO,Colima,BARRIO 4 V GARZAS,FRACCIONAMIENTO VALLE ESMERALDA Y CANAL 4 JUPITER,28219
__export__.res_partner_83945,MONTERREY,Nuevo León,HORTENSIA 2940,ALTA VISTA INVERNADERO,64770
__export__.res_partner_83959,PARAISO,Tabasco,CALLE EL MORRO S/N,FRACCIONAMIENTO COSTA REAL,86600
__export__.res_partner_83951,LAZARO CARDENAS,Michoacán,BOULEVARD DE LAS ISLAS S/N,INTERIOR ISLA DEL CAYACAL,60950
__export__.res_partner_83952,LAS GUACAMAYAS,Michoacán,PRESA YOSOCUTA ESQ. AVENIDA CIRCUNVALACION 1351,CAMPAMENTO OBRERO,60990
__export__.res_partner_83960,AGUA DULCE,Veracruz,BOULEVARD AZTECA S/N,PEMEX,96600
__export__.res_partner_83946,POZA RICA DE HIDALGO,Veracruz,CUBA 204 (ENTRE GPE VICTORIA Y ALLENDE),27 DE SEPTIEMBRE,93230
__export__.res_partner_83961,CUNDUACAN,Tabasco,KM. 142 CARRETERA CARDENAS-VILLAHERMOSA,RANCHERIA PLATANO CACAO 2A. SECC. MARIN,86697
__export__.res_partner_83953,ENSENADA,Baja California,INT. RECINTO PORTUARIO,SECCION PRIMERA,22800
__export__.res_partner_83966,REYNOSA,Tamaulipas,LIBRAMIENTO MONTERREY-MATAMOROS S/N KM 8,LOPEZ PORTILLO,88757
__export__.res_partner_110414,COATZACOALCOS,Veracruz,CALLE LOPEZ MATEOS 908,FRUTOS DE LA REVOLUCION ABSALON ALTO RAMIREZ Y/O DANIEL RIVEROLL DE LA CRUZ,96470
__export__.res_partner_83954,MANZANILLO,Colima,PTO. INT. 1 USOS MULT. 2 (FTE. BODEGAS DE CEMEX),CENTRO,28260
__export__.res_partner_108579,PARAISO,Tabasco,"CALLE 5 DE MAYO 616, ENTRE LAS CALLES REGINO HERNANDEZ LLERGO Y CALLE PROLONGACION NICOLAS BRAVO.",CENTRO,86605
__export__.res_partner_88849,GUASAVE,Sinaloa,BOULEVARD ADOLFO LOPEZ MATEOS 3239,MIGUEL HIDALGO,81210
__export__.res_partner_88850,CULIACAN ROSALES,Sinaloa,EMILIANO ZAPATA 4699,SAN RAFAEL,80150
__export__.res_partner_88851,HERMOSILLO,Sonora,CARRETERA LA 26 RUMBO REAL DE CATORCE KM. 17.5,EJIDO PALO VERDE,83280
__export__.res_partner_88852,GUASAVE,Sinaloa,BOULEVARD LAS PALMAS 370,DEL BOSQUE,81040
__export__.res_partner_94013,MONTERREY,Nuevo León,AVENIDA CRISTOBAL COLON 3903 ORIENTE,FIERRO,64000
__export__.res_partner_114885,CD LOPEZ MATEOS,México,CALLE TEPOZAN 30,EL JARAL,52924
__export__.res_partner_109546,HEROICA PUEBLA DE ZARAGOZA,Puebla,KM 116 AUTOPISTA MEXICO,GUADALUPE CALERAS,72100
__export__.res_partner_105535,HEROICA PUEBLA DE ZARAGOZA,Puebla,"AUT. MEXICO-PUEBLA KM 116 SAN LORENZO ALMECATLA""",GUADALUPE CALERAS,72100
__export__.res_partner_92798,PUEBLA,Puebla,AUTOPISTA MEXICO PUEBLA KM 116,SAN LORENZO ALMECATLA,72700
__export__.res_partner_115853,PUEBLA,Puebla,AUTOPISTA MEXICO-PUEBLA KM 116,SAN LORENZO ALMECATLA,72700
__export__.res_partner_92693,PUEBLA,Puebla,AUT. MEXICO-PUEBLA KM 116,SAN LORENZO ALMECATLA,72700
__export__.res_partner_92795,HEROICA PUEBLA DE ZARAGOZA,Puebla,KM. 10.9 CARRETERA FEDERAL PUEBLA-TLAXCALA,BARRANCA HONDA,72014
__export__.res_partner_119069,PUEBLA,Puebla,KM 116 AUTOPISTA MEXICO-PUEBLA,SAN LORENZO ALMECATLA,72700
__export__.res_partner_104663,CUAUTLANCINGO,Puebla,"KM 116 AUTOPISTA MEXICO-PUEBLA, SAN LORENZO ALMECATLA",SAN LORENZO ALMECATLA,72008
__export__.res_partner_92796,PUEBLA,Puebla,AUTOPISTA MEXICO-PUEBLA KM 116,SAN LORENZO ALMECATLA,72700
__export__.res_partner_115317,PUEBLA,Puebla,AUTOPISTA MEXICO PUEBLA KM 116,SAN LORE CUAUTLANCINGO,72700
__export__.res_partner_105646,CUAUTLANCINGO,Puebla,AUTOPISTA MEXICO PUEBLA KM 116,SAN LORENZO ALMECATLA,72700
__export__.res_partner_92694,PUEBLA,Puebla,AUTOPISTA MEXICO-PUEBLA KM 116,SAN LORENZO ALMECATLA,72700
__export__.res_partner_92695,PUEBLA,Puebla,KM 116 AUTOPISTA MEXICO PUEBLA,SAN LORENZO ALMECATLA,72008
__export__.res_partner_92799,SILAO,Guanajuato,MINERAL DE VALENCIANA 611,PARQUE INDUSTRIAL,36275
__export__.res_partner_108941,CD APODACA,Nuevo León,REGIO PARQUE 101,REGIO PARQUE INDUSTRIAL,66633
__export__.res_partner_97740,PUEBLA,Puebla,14 PONIENTE 1911,JESUS GARCIA,72090
__export__.res_partner_106592,AZCAPOTZALCO,Ciudad de México,PONIENTE 140 859,INDUSTRIAL VALLEJO,02300
__export__.res_partner_106215,TEPIC,Nayarit,AVENIDA INDEPENDENCIA NO 363,LOS LLANITOS,63145
__export__.res_partner_97741,GUSTAVO A. MADERO,Ciudad de México,C. 3 ANEGAS NUM. 492-2,SIETE MARAVILLAS,07707
__export__.res_partner_97742,AGUASCALIENTES,Aguascalientes,JUAN CARLOS 117,PARQUE INDUSTRIAL SIGLO XXI,20290
__export__.res_partner_106842,TUXPAM DE RODRIGUEZ CANO,Veracruz,"MARGEN DERECHO DEL RIO TUXPAN LOTE 9, 10 Y 11 MANZANA 5",LA VICTORIA,92770
__export__.res_partner_97743,SAN JUAN DEL RIO,Querétaro,BOULEVARD HIDALGO S/N FRENTE A MC DONALS,CENTRO (ENTRAR POR ATRAS DE LAS OFICINAS,76800
__export__.res_partner_97744,GUSTAVO A. MADERO,Ciudad de México,CALLE HOSPITAL BENITO JUAREZ 10,MAGDALENA DE LAS SALINAS,07760
__export__.res_partner_97745,TUXTLA GUTIERREZ,Chiapas,CALLEJÏN ACEITUNA 358 Y CALLEJON PALMAR 1 Y 2,ARROYO GRANDE,29090
__export__.res_partner_107771,ARTEAGA,Coahuila,"LIBRAMIENTO OSCAR FLORES TAPIA KM. 10.5, PRESAS DE LAS CASAS",ARTEAGA CENTRO,25350
__export__.res_partner_113416,QUERETARO,Querétaro,LIBRAMIENTO SUR PONIENTE KM. 18.2 INDUSTRIAL BALVANERA CORREGIDORA,VENCEREMOS,76900
__export__.res_partner_107066,AGUASCALIENTES,Aguascalientes,AVENIDA LOS ARELLANOS 110,PARQUE INDUSTRIAL AGUASCALIENTES,20393
__export__.res_partner_109715,VERACRUZ,Veracruz,CALZADA SALVADOR DIAZ MIRON 1892,FRACCIONAMIENTO MODERNO,91918
__export__.res_partner_111764,GUSTAVO A. MADERO,Ciudad de México,"LIC. JOSE URBANO FONSECA 343 BISS, CAPULTITLAN",CAPULTITLAN,07370
__export__.res_partner_105273,LEON,Guanajuato,BOULEVARD AUREOLA 104 FRACCIONAMIENTO: SANTA JULIA,SANTA JULIA,37290
__export__.res_partner_97712,TOLUCA DE LERDO,México,CARRETERA TOLUCA-ATLACOMULCO 1710 SAN PABLO AUTOPAN,BARRIO DE JESUS LA PIPITILLA,50200
__export__.res_partner_107690,GUADALAJARA,Jalisco,TUBEROSA 518,SAN CARLOS,44420
__export__.res_partner_107399,PUERTO VALLARTA,Jalisco,AVENIDA LIBRAMIENTO 1830,"OLIMPICA, PUERTO VALLARTA JALISCO",48310
__export__.res_partner_106896,VERACRUZ,Veracruz,"EXPANSION CASI ESQUINA EVOLUCION, PARKE 2000,",RENACIMIENTO,91808
__export__.res_partner_97746,TULTITLAN,México,JUAN DE DIOS PEZA 87-82,BELEM,59400
__export__.res_partner_106867,VERACRUZ,Veracruz,SALVADOR DIAZ MIRON 1892,MODERNO,91910
__export__.res_partner_97747,MEXICO,México,AVENIDA CUAHUTEMOC 140 (ATRAZ DE CERVECERIA CUAHUTEMO),EL CARMEN TOTOLTEPEC,50200
__export__.res_partner_97713,VERACRUZ,Veracruz,CARRETERA FED CORDOBA VERACRUZ KM 343,ZONA INDUSTRIAL,94690
__export__.res_partner_97748,SAN PEDRO TLAQUEPAQUE,Jalisco,REPUBLICA DE COLOMBIA 214,COLONIAL TLAQUEPAQUE,45570
__export__.res_partner_102069,GUADALAJARA,Jalisco,LAZARO CARDENAS NO 216,COLONIAL,45570
__export__.res_partner_97714,SAN PEDRO TLAQUEPAQUE,Jalisco,REP. DE COLOMBIA 214,COLONIAL TLAQUEPAQUE,45570
__export__.res_partner_97749,MICHOACAN,Michoacán,CARR MORELIA SALAMANCA 7555 B,CUESTA PRIETA,59720
__export__.res_partner_97750,ZAMORA,Michoacán,LIBRAMIENTO NORTE KM. 11.5,LOCALIDAD ROMERO TORRES,59720
__export__.res_partner_115895,ZAMORA,Michoacán,"CARRETERA ZAMORA-LA BARCA KM. 5.5 LIBRAMIENTO NORTE,",LA RINCONADA,59724
__export__.res_partner_97715,SAN JOSE DEL CABO,Baja California Sur,CASCALOZUCHITL SIN NUMERO,BUENOS AIRES,23400
__export__.res_partner_97751,MAZATLAN,Sinaloa,AVENIDA DELFINES Y CALLE FRESNO LOCALES 4 Y 5,FRACCIONAMIENTO TORREMOLINOS,82132
__export__.res_partner_97752,MEXICO,México,CARRETERA TOLUCA -ATLACOMULCO 1710,"BARRIO DE JESUS LA PIPITILLA, SAN PABLO",50200
__export__.res_partner_97716,CD GRAL ESCOBEDO,Nuevo León,CARR MONTERREY COLOMBIA NO 330,HACIENDA ANTIGUA CANADA,66083
__export__.res_partner_97753,NUEVO LEON,Nuevo León,CARRETERA MONTERREY-COLOMBIA 330,HACIENDA ANTIGUA CANADA,66083
__export__.res_partner_97717,RAMOS ARIZPE,Coahuila,SERVIDUMBRE 745,LA ESMERALDA,25902
__export__.res_partner_97754,TUXTLA GUTIERREZ,Chiapas,CALLE 5A. ORIENTE SUR 82,SAN ROQUE,29066
__export__.res_partner_97755,TUXTLA GUTIERREZ,Chiapas,5A OTE SUR 882 ENTRE 7A Y 8A,CENTRO,29040
__export__.res_partner_107014,TAPEIXTLES,Colima,CARRET. MANZANILLO-MINA KM 4.5 S/N RANCHO LA PAROTA,POBLADO FRANCISCO VILLA,28863
__export__.res_partner_106882,TUXPAM DE RODRIGUEZ CANO,Veracruz,"MARGEN DERECHO DEL RIO TUXPAN LOTE 9, 10 Y 11 MANZANA 5",LA VICTORIA,92770
__export__.res_partner_97756,PUEBLA,Puebla,AUT.MEXICO-PUEBLA KM 117+300,SAN LORENZO ALMECATLA,72710
__export__.res_partner_97757,PUEBLA,Puebla,AUT. MEXICO-PUEBLA KM. 117 + 300,SAN LORENZO ALMECATLA,72710
__export__.res_partner_97758,CORDOBA,Veracruz,CARRETERA FED. CORDOBA VERACRUZ,KM343 VH PENUELA ZONA INDUSTRIAL,94690
__export__.res_partner_97718,VILLAHERMOSA,Tabasco,CARRETERA VILLAHERMOSA CARDENAS KM 156,RANCHERIA GONZALEZ 1ERA SECC.,86280
__export__.res_partner_97759,TABASCO,Tabasco,"CARRETERA VILLAHERMOSA-CARDENAS , KM 5.5 S/N","RANCHERIA ANACLETO CANABAL, CALLE 8, LOT",86280
__export__.res_partner_97719,CENTRO,México,CARR VILLAHERMOSA A CARDENAS KM. 3.5,R/A ANACLETO CANABAL 1RA SECCION,86287
__export__.res_partner_97760,TABASCO,Tabasco,RANCHERIA GONZÄLEZ 1RA. SECCIÏN KM. 152 (A 100 MTS. DE GEOME,CENTRO,86280
__export__.res_partner_97720,TABASCO,Tabasco,CALLE 8 LOTE 10 1A. SECCIÏN,PARQUE INDUSTRIAL DIET,86103
__export__.res_partner_97761,TABASCO,Tabasco,CALLE 8 LOTE 10 1RA. SECCIÏN,PARQUE INDUSTRIAL DIET,86103
__export__.res_partner_97762,TABASCO,Tabasco,CARRETERA VILLAHEMOSA A CARDENAS KM 3.5,R/A ANACLETO CABANAL 1RA. SECCIÏN,86103
__export__.res_partner_97763,TABASCO,Tabasco,CALLE JUAREZ 1205,SANTA AMALIA,86300
__export__.res_partner_108362,CORREGIDORA,Querétaro,LIBRAMIENTO SUR PONIENTE KM.15+500,INDUSTRIAL BALVANERA,76901
__export__.res_partner_97721,GUADALAJARA,Jalisco,SALVADOR HONOJOSA 201,NUEVA CENTRAL CAMIONERA,45580
__export__.res_partner_97765,QUERETARO,Querétaro,BERNARDO QUINTANA 433,CENTRO SUR,76090
__export__.res_partner_97766,GUADALAJARA,Jalisco,DR. ROBERTO R. MICHEL 2627,ALAMOS INDUSTRIAL,44895
__export__.res_partner_97767,IRAPUATO,Guanajuato,BOULEVARD SOLIDARODAD 11856,C.F.E.,36631
__export__.res_partner_97768,CUERNAVACA,Morelos,ABASOLO 12 (INT. CENTRAL CAMIONERA DE PULLMAN DE MORELOS,CENTRO,62000
__export__.res_partner_97769,GUSTAVO A. MADERO,Ciudad de México,PROLONGACION SATURNO 39,NUEVA INDUSTRIAL VALLEJO,07700
__export__.res_partner_97770,JALISCO,Jalisco,INT.NVA.CENTRAL CAMIONERA ESQ. AVENIDA DE LAS TORRES MODULO 6,LOMAS DE SAN PEDRITO,45625
__export__.res_partner_97771,TAMAULIPAS,Tamaulipas,DURANGO 14,MODELO,87360
__export__.res_partner_97722,TULTITLAN DE MARIANO ESCOBEDO,México,LAGO DE GUADALUPE 289,BOSQUES DE PRIMAVERA,54900
__export__.res_partner_97772,TULTITLAN,México,LAGO DE GUADALUPE 289,TULTITLAN DE MARIANO ESCOBEDO CENTRO,54900
__export__.res_partner_97723,TABASCO,Tabasco,CARRETERA VILLAHERMOSA CARDENAS KM 5.5 S/N PARQUE. IND. DEIT,"RIA. ANACLETO CANABAL CALLE 8, LOTE 10",86280
__export__.res_partner_97773,ACAPULCO DE JUAREZ,Guerrero,AVENIDA AGUAS BLANCAS 41,PALMAR DE CARAVALI,39300
__export__.res_partner_97774,PUEBLA,Puebla,BOULEVARD PUEBLA TLAXACALA 83,SAN FELIPE HUEYOTLIPAN,72030
__export__.res_partner_97724,AZCAPOTZALCO,Ciudad de México,PONIENTE 122,SAN MIGUEL AMANTLA,02700
__export__.res_partner_97776,MONTERREY,Nuevo León,MARTIN DE ZAVALA 3302B,ESTRELLA,64400
__export__.res_partner_97777,DURANGO,Durango,BOULEVARD FRANCISCO VILLA 101,"DEL MAESTRO,",34240
__export__.res_partner_97778,DURANGO,Durango,CALLE ADOLFO LOPEZ MATEOS 608,SANTA FE,34240
__export__.res_partner_97779,TLAQUEPAQUE,Jalisco,SALVADOR HINOJOSA 2,CENTRAL NUEVA,45580
__export__.res_partner_106494,PUEBLA,Puebla,BV LA PEDRERA 3522,CAMINO REAL A SAN FELIPE Y BV LAS CUARTILLAS Y 207 G,72050
__export__.res_partner_97725,JALISCO,Jalisco,SALVADOR HINOJOSA 2,NUEVA CENTRLA CAMIONERA,45501
__export__.res_partner_97780,GUSTAVO A. MADERO,Ciudad de México,DIANA 69 (ATRAS DE LA AGENCIA FORD DE 100 METROS),NUEVA INDUSTRIAL VALLEJO,07700
__export__.res_partner_97781,SONORA,Sonora,AVENIDA 200 S/N ESQUINA QUERETARO,HIDALGO,85000
__export__.res_partner_97782,GENERAL ESCOBEDO,Nuevo León,CARRETERA A COLOMBIA 330,ZONA INDUSTRIAL,66083
__export__.res_partner_97726,VERACRUZ,Veracruz,CARRETERA FEDERAL POZA RICA-VERACRUZ KM. 240+130,CHALCHIUECAN,91890
__export__.res_partner_97783,PUEBLA,Puebla,CARRETERA FED. MƑXICO PUEBLA KM 126 1002,SAN JUAN CUAUTLANCINGO,72700
__export__.res_partner_97784,TABASCO,Tabasco,CARRETERA VILLAHERMOSA CARDENAS KM. 156,"RANCHERIA GONZALEZ 1A. SECC,",86280
__export__.res_partner_97785,SONORA,Sonora,ATANCAHUI 850 SUR,FOVISSTE 2,85140
__export__.res_partner_97786,SAN PEDRO TLAQUEPAQUE,Jalisco,AUTOPISTA ZAPOTLANEJO 1002 ESQ. CALLE 1,NUEVA CENTRAL CAMIONERA,45880
__export__.res_partner_113694,MONTERREY,Nuevo León,AVENIDA BERNARDO REYES 5495,FERROCARRILERA,64250
__export__.res_partner_109686,MONTERREY,Nuevo León,CALLE COLEGIO CIVIL 2020,15 DE MAYO (LARRALDE),64450
__export__.res_partner_106481,PUEBLA,Puebla,"PEDRERA 3117, SAN FELIPE HUEYOTLIPAN",SAN MIGUEL HUEYOTLIPAN,72050
__export__.res_partner_106764,PUEBLA,Puebla,BV LA PEDRERA 3522,CAM REAL A SAN FELIPE Y BV LAS CUARTILLAS,72050
__export__.res_partner_97787,TLAQUEPAQUE,Jalisco,SALVADOR HINOJOSA 4,TLAQUEPAQUE,45625
__export__.res_partner_97788,LEON,Guanajuato,"BLVD. LALUZ 3307, INT. 11",SAN PEDRO DE LOS HERNANDEZ,37280
__export__.res_partner_97789,MONTERREY,Nuevo León,CHURUBUSCO NUMERO 300,FIERRO ENTRE MADERO Y CHURUBUSCO,64540
__export__.res_partner_97790,MORELIA,Michoacán,LIBRAMIENTO NORTE 260,FRANCISCO MUJICA,51118
__export__.res_partner_97791,PUEBLA,Puebla,BOULEVARD CARMEN MILLAN 14,RANCHO COLORADO,42040
__export__.res_partner_97792,QUERETARO,Querétaro,PROL. LUIS VEGA Y MONRROY 800,CENTRO SUR,76079
__export__.res_partner_97793,AGUASCALIENTES,Aguascalientes,JULIO DIAZ TORRES 103,CIUDAD INDUSTRIAL,20290
__export__.res_partner_97794,CULIACAN ROSALES,Sinaloa,CARRETERA EL DORADO 7501,CAMPO EL DIEZ,80430
__export__.res_partner_105005,NOGALES,Sonora,CARRETERA INTERNACIONAL KM.45,CREDO,84000
__export__.res_partner_106172,AZCAPOTZALCO,Ciudad de México,AVENIDA REAL SAN MARTIN 154,REYNOSA TAMAULIPAS,02230
__export__.res_partner_106060,GARCIA,Nuevo León,CARRETERA A GARCIA KM 6.5-B ZONA INDUSTRIAL EL OBISPO GARCIA,ZONA INDUSTRIAL EL OBISPO,66000
__export__.res_partner_104640,LEON,Guanajuato,BOULEVARD LEON II 1902 ESQ. CEFERINO ORTIZ,LEON II,37407
__export__.res_partner_97727,CUAUTITLAN IZCALLI,México,KM 40.5 AUTOPISTA MEXICO QUERETARO,PARQUE INDUSTRIAL LA LUZ,54716
__export__.res_partner_97795,MEXICO,México,KM 40.5 AUTOPISTA MEXICO QUERETARO,"FRACC, IND. LA LUZ",54716
__export__.res_partner_97728,TLAQUEPAQUE,Jalisco,AVENIDA PERIFERICO SUR 5879,MANUEL LOPEZ COTILLA,45615
__export__.res_partner_108910,TLAJOMULCO DE ZUNIGA,Jalisco,"ADOLF B. HORN 1437, CONCEPCION DEL VALLE",CONCEPCION DEL VALLE,45653
__export__.res_partner_97796,LA PAZ,Baja California Sur,CALLE SEGUNDA SIN NUMERO,FRACCIONAMIENTO PARQUE INDUSTRIAL,23089
__export__.res_partner_97797,SAN JOSE DEL CABO,Baja California,CASCALOZUCHITL SIN NUMERO,BUENOS AIRES,23400
__export__.res_partner_97729,SILAO DE LA VICTORIA,Guanajuato,CARRETERA IRAPUATO SILAO KM. 144,SILAO CENTRO,36100
__export__.res_partner_106803,SAN LUIS POTOSI,San Luis Potosí,CARRETERA FEDERAL 57 SLP-QRO KM. 184 + 300,DELEGACION LA PILA,78422
__export__.res_partner_106018,CAJEME,Sonora,"SUFRAGIO EFECTIVO 740-A, ZONA NORTE 1",REAL DEL SOL AMPLIACION,85010
__export__.res_partner_97798,CULIACAN ROSALES,Sinaloa,CARRETERA A NOVOLATO 8810-A,BACHIGUALATO,80140
__export__.res_partner_97799,DURANGO,Durango,CARRETERA A TORREON 9.123 S/N,16 DE SEPTIEMBRE,34304
__export__.res_partner_97800,BAJA CALIFORNIA,Baja California,"CARRETERA AEROPUERTO 1007 B PARCELA 2 LT2, INT.3",EX EJIDO TAMPICO DELEG. MESA DE OTAY,22500
__export__.res_partner_97730,BAJA CALIFORNIA,Baja California,"CARRETERA AEPTO 1007 B PARCELA 2, LOTE 2, INTERIOR 3",EX EJIDO TAMPICO DELEG. MESA DE OTAY,22500
__export__.res_partner_97801,CHIHUAHUA,Chihuahua,PERIF. FCO. R. ALMADA 13200,VALLE DORADO,31090
__export__.res_partner_97802,AGUASCALIENTES,Aguascalientes,AVENIDA ESTADOS UNIDOS DE AMERICA 110,PARQUE INDUSTRIAL SN FRANCISCO,20304
__export__.res_partner_108934,AGUASCALIENTES,Aguascalientes,MIGUEL HIDALGO 16,PENUELAS,20340
__export__.res_partner_108900,DURANGO,Durango,BLVD. JOSE MARIA PATONI 2605,VILLA BLANCA,34208
__export__.res_partner_111070,SAN JUAN DE LOS LAGOS,Jalisco,CARRETERA SAN JUAN DE LOS LAGOS ENCARNACION DE DIAZ KM 0+500,EL ROSARIO,47095
__export__.res_partner_108635,MATAMOROS,Tamaulipas,"SERGIO LOPEZ OCHOA S/N, EJIDO LUCIO BLANCO,",LUCIO BLANCO,87444
__export__.res_partner_108358,MERIDA,Yucatán,PERIFERICO PONIENTE KM. 46.1 INT. TABLAJE 31814,TIXCACAL OPICHEN,97314
__export__.res_partner_113410,GUADALUPE,Zacatecas,"CARRETERA FEDERAL ZACATECAS-AGUASCALIENTES,",BONITO PUEBLO 439,98613
__export__.res_partner_97803,CELAYA,Guanajuato,EJE MANUEL J. CLUTIER 769,ALAMOS (FRENTE A BACHOCO),38024
__export__.res_partner_97804,GUADALAJARA,Jalisco,SALVADOR HINOJOSA 201,NUEVA CENTRAL,45400
__export__.res_partner_97805,IRAPUATO,Guanajuato,BOULEVARD SOLIDARIDAD 11856,C.F.E.,36631
__export__.res_partner_97806,LEON,Guanajuato,PROLONGACION HEROES DE LA INDEPENDENCIA 1701,LAS FUENTES,37270
__export__.res_partner_97807,CIUDAD DE MEXICO,Ciudad de México,MIGUEL BERNARD 505,EX HACIENDA LA ESCALERA,07320
__export__.res_partner_97808,SAN LUIS POTOSI,San Luis Potosí,AVENIDA INDUSTRIAL 432,CONDOMINIOS GLORIETA,78399
__export__.res_partner_97809,CIUDAD DE MEXICO,Ciudad de México,AVENIDA CENTRAL 284,NUEVA INDUSTRIAL VALLEJO,07700
__export__.res_partner_97810,CIUDAD DE MEXICO,Ciudad de México,AVENIDA TAXQUENA 1800,PASEO DE TAXQUENA DEL. COYOACAN,04280
__export__.res_partner_97811,AGUASCALIENTES,Aguascalientes,REPUBLICA DE PERU 301,LAS AMERICAS,20230
__export__.res_partner_97812,TORREON,Coahuila,BAHIA DE GUADALUPE 4800,NUEVA CALIFORNIA,27000